{"200100010001Start": 1676178340.7658675, "200100010001End": 1676178316.447737, "200100010001Study": 19}